Nama,NIM,Fakultas,Jurusan
"R. Wani Maheswara, S.Psi",5068493261,Fakultas Teknik,Teknik Elektro
"Irsad Napitupulu, M.TI.",5071418670,Fakultas Ilmu Komputer,Teknologi Informasi
Drs. Adinata Suryatmi,5049528832,Fakultas Ilmu Komputer,Sistem Informasi
Marwata Sirait,5017650704,Fakultas Ilmu Komputer,Teknologi Informasi
"Drs. Hilda Wibisono, S.H.",5022268891,Fakultas Teknik,Teknik Sipil
"Drs. Cinthia Hartati, S.E.",5071049405,Fakultas Ilmu Komputer,Teknologi Informasi
"Tgk. Salwa Utami, S.Psi",5007469764,Fakultas Teknik,Teknik Mesin
"Drs. Lasmono Najmudin, S.IP",5082183155,Fakultas Teknik,Teknik Lingkungan
"Dr. Praba Marbun, S.Farm",5051969891,Fakultas Ekonomi,Akuntansi
"Nrima Hutasoit, S.Pd",5027501154,Fakultas Hukum,Ilmu Hukum
Puti Jamalia Andriani,5014702887,Fakultas Kedokteran,Pendidikan Dokter
Ami Santoso,5003802243,Fakultas Hukum,Ilmu Hukum
"drg. Violet Handayani, M.Farm",5099680720,Fakultas Ekonomi,Ekonomi Pembangunan
Dewi Padmasari,5057299237,Fakultas Ilmu Komputer,Informatika
Janet Purnawati,5084434749,Fakultas Teknik,Teknik Sipil
Zalindra Latupono,5086066822,Fakultas Ilmu Komputer,Sistem Informasi
Reza Najmudin,5087687964,Fakultas Ekonomi,Akuntansi
Ikhsan Mayasari,5040161030,Fakultas Ekonomi,Ekonomi Pembangunan
Wulan Nababan,5092744936,Fakultas Hukum,Ilmu Hukum
Halima Widodo,5035675479,Fakultas Hukum,Ilmu Hukum
Oliva Simbolon,5063549425,Fakultas Hukum,Ilmu Hukum
Rika Jailani,5000052846,Fakultas Hukum,Ilmu Hukum
"Raden Wahyuni, S.H.",5046120465,Fakultas Kedokteran,Pendidikan Dokter
"Tgk. Tantri Sinaga, S.Pd",5095942590,Fakultas Hukum,Ilmu Hukum
"Widya Winarsih, M.Ak",5073067989,Fakultas Kedokteran,Pendidikan Dokter
Ami Kusmawati,5045719999,Fakultas Ilmu Komputer,Sistem Informasi
"Ir. Karna Purwanti, M.Farm",5028410991,Fakultas Ekonomi,Ekonomi Pembangunan
"drg. Ella Firgantoro, M.Farm",5051290629,Fakultas Kedokteran,Pendidikan Dokter
Belinda Utama,5074544708,Fakultas Kedokteran,Pendidikan Dokter
"KH. Sabar Astuti, M.M.",5044105342,Fakultas Ilmu Komputer,Informatika
"Ella Pratama, S.Ked",5022771601,Fakultas Teknik,Teknik Mesin
Rini Farida,5012545104,Fakultas Teknik,Teknik Lingkungan
Laila Purwanti,5006098104,Fakultas Kedokteran,Kebidanan
Caraka Pangestu,5000313368,Fakultas Ilmu Komputer,Teknologi Informasi
Martana Firgantoro,5004999781,Fakultas Ekonomi,Ekonomi Pembangunan
Tgk. Silvia Thamrin,5049160926,Fakultas Ekonomi,Akuntansi
Panca Haryanti,5074601638,Fakultas Ilmu Komputer,Sistem Informasi
Harjo Mahendra,5078164707,Fakultas Kedokteran,Kebidanan
Cut Calista Hidayat,5037626998,Fakultas Kedokteran,Pendidikan Dokter
Salsabila Nasyidah,5017278238,Fakultas Teknik,Teknik Elektro
Julia Usamah,5059448277,Fakultas Kedokteran,Pendidikan Dokter
Karna Setiawan,5091519694,Fakultas Ilmu Komputer,Teknologi Informasi
Karja Hardiansyah,5052483015,Fakultas Ekonomi,Ekonomi Pembangunan
"Prasetyo Situmorang, S.E.I",5034848652,Fakultas Hukum,Ilmu Hukum
Mursita Tarihoran,5016929670,Fakultas Hukum,Ilmu Hukum
Harsaya Yuniar,5096767268,Fakultas Kedokteran,Kebidanan
Vinsen Saefullah,5016676441,Fakultas Ilmu Komputer,Sistem Informasi
Indah Pradipta,5043809978,Fakultas Ekonomi,Akuntansi
Asman Anggraini,5081856761,Fakultas Hukum,Ilmu Hukum
"Yunita Siregar, S.Pt",5080608250,Fakultas Hukum,Ilmu Hukum
Sutan Dasa Setiawan,5006292628,Fakultas Ekonomi,Ekonomi Pembangunan
Cengkal Mardhiyah,5028041762,Fakultas Teknik,Teknik Elektro
"Humaira Damanik, S.Ked",5017700944,Fakultas Ekonomi,Ekonomi Pembangunan
Shania Tamba,5051910925,Fakultas Ilmu Komputer,Teknologi Informasi
Devi Namaga,5054916175,Fakultas Ekonomi,Ekonomi Pembangunan
Yessi Irawan,5036988644,Fakultas Kedokteran,Pendidikan Dokter
Mursinin Mahendra,5066615314,Fakultas Hukum,Ilmu Hukum
Hana Melani,5067711849,Fakultas Ilmu Komputer,Sistem Informasi
Tiara Waskita,5047204849,Fakultas Kedokteran,Kebidanan
Dina Sinaga,5074219989,Fakultas Ekonomi,Ekonomi Pembangunan
"Hafshah Agustina, S.H.",5075388040,Fakultas Kedokteran,Kebidanan
Michelle Habibi,5082834671,Fakultas Teknik,Teknik Elektro
Hj. Gawati Wulandari,5087146516,Fakultas Teknik,Teknik Mesin
Tgk. Ega Uyainah,5049428133,Fakultas Ilmu Komputer,Teknologi Informasi
"Dadi Utama, M.TI.",5088494243,Fakultas Hukum,Ilmu Hukum
Daliman Mardhiyah,5084399999,Fakultas Ilmu Komputer,Teknologi Informasi
"dr. Hesti Lazuardi, S.Pt",5040237876,Fakultas Teknik,Teknik Sipil
"R. Kanda Salahudin, S.Ked",5039674803,Fakultas Teknik,Teknik Elektro
Darimin Gunawan,5023149727,Fakultas Kedokteran,Pendidikan Dokter
Chandra Yulianti,5011204621,Fakultas Ekonomi,Akuntansi
Cemplunk Tampubolon,5045832530,Fakultas Ekonomi,Ekonomi Pembangunan
Darman Purnawati,5043550487,Fakultas Kedokteran,Pendidikan Dokter
Tirta Hardiansyah,5016917595,Fakultas Teknik,Teknik Industri
Artawan Hasanah,5097227466,Fakultas Kedokteran,Pendidikan Dokter
"Dr. Tirta Marpaung, S.Ked",5031952848,Fakultas Ekonomi,Ekonomi Pembangunan
Belinda Hardiansyah,5040687062,Fakultas Ilmu Komputer,Sistem Informasi
Gamani Rahimah,5085382918,Fakultas Ilmu Komputer,Teknologi Informasi
"Edi Pradipta, M.TI.",5088293726,Fakultas Ilmu Komputer,Sistem Informasi
"Kuncara Suartini, S.Gz",5008937420,Fakultas Ekonomi,Manajemen
"Cakrawala Prakasa, M.TI.",5001644218,Fakultas Ilmu Komputer,Sistem Informasi
Emin Permata,5051459186,Fakultas Ekonomi,Manajemen
"Dr. Amelia Waluyo, S.Psi",5069620815,Fakultas Kedokteran,Kebidanan
"dr. Zelda Pratama, S.I.Kom",5095181123,Fakultas Hukum,Ilmu Hukum
Paramita Kuswandari,5036369103,Fakultas Teknik,Teknik Sipil
Lalita Kuswoyo,5001325718,Fakultas Ilmu Komputer,Sistem Informasi
Eko Jailani,5072852007,Fakultas Ekonomi,Manajemen
"Hamzah Marpaung, M.Ak",5060231093,Fakultas Kedokteran,Kebidanan
"Drs. Nova Irawan, S.IP",5023330437,Fakultas Kedokteran,Pendidikan Dokter
Putri Wastuti,5071720815,Fakultas Kedokteran,Kebidanan
"Balamantri Napitupulu, M.Ak",5079098168,Fakultas Hukum,Ilmu Hukum
Wulan Adriansyah,5056163906,Fakultas Ilmu Komputer,Informatika
Wahyu Mardhiyah,5081182870,Fakultas Ekonomi,Ekonomi Pembangunan
R.M. Hamzah Prakasa,5069155770,Fakultas Hukum,Ilmu Hukum
Dimas Hasanah,5052477842,Fakultas Kedokteran,Pendidikan Dokter
drg. Clara Handayani,5042871891,Fakultas Teknik,Teknik Lingkungan
Diah Firgantoro,5036736337,Fakultas Hukum,Ilmu Hukum
Lantar Iswahyudi,5069470128,Fakultas Ekonomi,Ekonomi Pembangunan
Setya Anggriawan,5019944272,Fakultas Teknik,Teknik Lingkungan
Malika Wulandari,5059735979,Fakultas Hukum,Ilmu Hukum
"Cut Vanya Kusumo, S.E.I",5044835193,Fakultas Ekonomi,Akuntansi
"R. Taufik Firgantoro, S.IP",5030289080,Fakultas Teknik,Teknik Elektro
Tasdik Wahyudin,5063027061,Fakultas Ilmu Komputer,Informatika
Drs. Jelita Habibi,5061336937,Fakultas Kedokteran,Pendidikan Dokter
Safina Zulaika,5098484439,Fakultas Hukum,Ilmu Hukum
Cici Andriani,5039661265,Fakultas Hukum,Ilmu Hukum
Martani Padmasari,5068045772,Fakultas Kedokteran,Pendidikan Dokter
Erik Simanjuntak,5021806229,Fakultas Hukum,Ilmu Hukum
"Dr. Hana Permadi, S.Gz",5005781212,Fakultas Kedokteran,Kebidanan
Gilda Lazuardi,5094944987,Fakultas Teknik,Teknik Industri
Septi Laksmiwati,5034005202,Fakultas Hukum,Ilmu Hukum
H. Setya Wastuti,5026141486,Fakultas Teknik,Teknik Mesin
"R. Shania Susanti, S.IP",5038479625,Fakultas Hukum,Ilmu Hukum
Mahfud Riyanti,5068727244,Fakultas Ekonomi,Ekonomi Pembangunan
Jamil Siregar,5095941322,Fakultas Ekonomi,Ekonomi Pembangunan
Ana Hastuti,5061378531,Fakultas Kedokteran,Kebidanan
Kani Lazuardi,5047525579,Fakultas Ekonomi,Akuntansi
Fathonah Utami,5078084595,Fakultas Kedokteran,Pendidikan Dokter
Endra Sirait,5041137674,Fakultas Teknik,Teknik Elektro
"drg. Gandewa Nuraini, S.Gz",5088225389,Fakultas Ilmu Komputer,Sistem Informasi
"Drs. Ella Winarno, S.IP",5055837523,Fakultas Kedokteran,Kebidanan
Raharja Jailani,5025711904,Fakultas Kedokteran,Kebidanan
"Maras Hutagalung, S.Sos",5083360557,Fakultas Ekonomi,Manajemen
T. Lutfan Waskita,5074790098,Fakultas Hukum,Ilmu Hukum
"Dt. Raditya Mangunsong, S.Pt",5086283505,Fakultas Hukum,Ilmu Hukum
"Tira Melani, M.Farm",5099858745,Fakultas Hukum,Ilmu Hukum
Ulva Nasyiah,5028858997,Fakultas Kedokteran,Kebidanan
"Ir. Luthfi Saptono, M.M.",5038387176,Fakultas Teknik,Teknik Mesin
Hani Yuniar,5039377326,Fakultas Kedokteran,Pendidikan Dokter
"Drs. Harimurti Haryanti, S.E.I",5032876049,Fakultas Kedokteran,Pendidikan Dokter
"Vanya Dabukke, S.H.",5078013930,Fakultas Kedokteran,Pendidikan Dokter
Cakrajiya Wibisono,5095710294,Fakultas Ekonomi,Akuntansi
Omar Usada,5036039709,Fakultas Ekonomi,Akuntansi
Olivia Winarsih,5073582430,Fakultas Kedokteran,Kebidanan
Narji Prayoga,5065728038,Fakultas Teknik,Teknik Lingkungan
Dr. Dian Laksmiwati,5055237536,Fakultas Teknik,Teknik Industri
Mahesa Suartini,5054562609,Fakultas Teknik,Teknik Lingkungan
Clara Firgantoro,5062272836,Fakultas Teknik,Teknik Industri
"Elma Prasetya, S.Sos",5032278797,Fakultas Teknik,Teknik Lingkungan
Wardaya Prasetya,5093665164,Fakultas Hukum,Ilmu Hukum
Dasa Rajasa,5029101291,Fakultas Hukum,Ilmu Hukum
"Ir. Paris Nasyiah, S.Ked",5078628148,Fakultas Teknik,Teknik Industri
"Dinda Nashiruddin, S.Farm",5019773396,Fakultas Kedokteran,Pendidikan Dokter
Bakiman Jailani,5009617957,Fakultas Kedokteran,Pendidikan Dokter
"Mala Yuniar, S.IP",5011622155,Fakultas Kedokteran,Pendidikan Dokter
Hj. Tira Waluyo,5072311878,Fakultas Hukum,Ilmu Hukum
"Aswani Budiyanto, M.Kom.",5064495578,Fakultas Ekonomi,Ekonomi Pembangunan
Melinda Laksita,5020859854,Fakultas Teknik,Teknik Mesin
Eman Usada,5098926462,Fakultas Ekonomi,Ekonomi Pembangunan
Nugraha Nurdiyanti,5007066593,Fakultas Hukum,Ilmu Hukum
Kusuma Handayani,5050784209,Fakultas Kedokteran,Kebidanan
"Azalea Zulaika, S.Pt",5050529437,Fakultas Hukum,Ilmu Hukum
dr. Ilsa Saefullah,5029282482,Fakultas Ekonomi,Akuntansi
Septi Firgantoro,5047430734,Fakultas Kedokteran,Kebidanan
Citra Narpati,5030101710,Fakultas Ilmu Komputer,Teknologi Informasi
Rahayu Habibi,5037262197,Fakultas Ekonomi,Akuntansi
Ani Nababan,5038289254,Fakultas Ilmu Komputer,Teknologi Informasi
Gasti Adriansyah,5076015818,Fakultas Hukum,Ilmu Hukum
Usman Anggriawan,5051621055,Fakultas Teknik,Teknik Mesin
Talia Nainggolan,5010713980,Fakultas Kedokteran,Pendidikan Dokter
"Tiara Anggriawan, S.Sos",5022025519,Fakultas Hukum,Ilmu Hukum
Kuncara Pranowo,5042184205,Fakultas Teknik,Teknik Industri
"Bancar Prastuti, S.Pt",5000507983,Fakultas Kedokteran,Kebidanan
"Bagas Sinaga, S.Pt",5048193225,Fakultas Ilmu Komputer,Informatika
Gatra Saptono,5062587661,Fakultas Kedokteran,Kebidanan
"Sutan Ihsan Pratiwi, S.Sos",5037544368,Fakultas Hukum,Ilmu Hukum
Eli Rahmawati,5026981105,Fakultas Teknik,Teknik Mesin
Gabriella Hidayanto,5083599486,Fakultas Teknik,Teknik Lingkungan
Septi Habibi,5053629427,Fakultas Kedokteran,Kebidanan
"Padma Thamrin, S.H.",5067083637,Fakultas Ekonomi,Akuntansi
Saadat Winarno,5082126700,Fakultas Ilmu Komputer,Teknologi Informasi
Unjani Budiman,5053513595,Fakultas Ekonomi,Ekonomi Pembangunan
Chelsea Mustofa,5069020009,Fakultas Hukum,Ilmu Hukum
"drg. Hamima Palastri, S.Gz",5035376554,Fakultas Ekonomi,Ekonomi Pembangunan
"Dr. Cakrajiya Tampubolon, M.M.",5096341691,Fakultas Ekonomi,Ekonomi Pembangunan
"Febi Padmasari, M.Ak",5041516412,Fakultas Ekonomi,Manajemen
Ade Suryono,5052407755,Fakultas Ilmu Komputer,Informatika
Talia Suryono,5041270735,Fakultas Hukum,Ilmu Hukum
Sarah Thamrin,5082947749,Fakultas Ekonomi,Manajemen
Dodo Saragih,5021655405,Fakultas Ilmu Komputer,Informatika
Cakrabirawa Sihotang,5079530604,Fakultas Kedokteran,Kebidanan
"R. Melinda Handayani, S.I.Kom",5090735645,Fakultas Kedokteran,Pendidikan Dokter
Restu Wahyudin,5024699572,Fakultas Ekonomi,Manajemen
Imam Jailani,5012423761,Fakultas Kedokteran,Pendidikan Dokter
Cakrajiya Anggriawan,5066358905,Fakultas Ilmu Komputer,Teknologi Informasi
"T. Anom Sihombing, S.Psi",5076802064,Fakultas Hukum,Ilmu Hukum
Elisa Mangunsong,5038952918,Fakultas Kedokteran,Pendidikan Dokter
Iriana Sihombing,5099594651,Fakultas Ilmu Komputer,Sistem Informasi
"Kenes Tamba, S.I.Kom",5012579933,Fakultas Ilmu Komputer,Sistem Informasi
"KH. Prakosa Kuswoyo, S.I.Kom",5099486035,Fakultas Ilmu Komputer,Teknologi Informasi
"Cut Sarah Saefullah, S.E.I",5018875617,Fakultas Ekonomi,Ekonomi Pembangunan
"Febi Widodo, S.IP",5014334973,Fakultas Hukum,Ilmu Hukum
drg. Karya Pratiwi,5054774841,Fakultas Ekonomi,Manajemen
Tiara Widodo,5085246220,Fakultas Ilmu Komputer,Teknologi Informasi
Cindy Mustofa,5066037187,Fakultas Kedokteran,Pendidikan Dokter
R. Ana Handayani,5069727891,Fakultas Kedokteran,Kebidanan
Puji Mardhiyah,5087523503,Fakultas Teknik,Teknik Lingkungan
Cahyanto Irawan,5083145260,Fakultas Teknik,Teknik Sipil
Ida Hutagalung,5069756464,Fakultas Teknik,Teknik Sipil
dr. Anggabaya Maryadi,5094180833,Fakultas Ekonomi,Manajemen
Hairyanto Mandasari,5058242753,Fakultas Hukum,Ilmu Hukum
Lega Farida,5008395987,Fakultas Ilmu Komputer,Sistem Informasi
Dian Anggraini,5050903672,Fakultas Hukum,Ilmu Hukum
Umi Fujiati,5094095843,Fakultas Kedokteran,Kebidanan
Marsudi Wacana,5043624631,Fakultas Kedokteran,Pendidikan Dokter
Septi Purwanti,5037790100,Fakultas Ilmu Komputer,Sistem Informasi
"Ir. Zulaikha Halim, M.Ak",5013157706,Fakultas Ekonomi,Manajemen
Mutia Ardianto,5028196615,Fakultas Ilmu Komputer,Teknologi Informasi
"Dr. Puspa Mardhiyah, M.Kom.",5059264626,Fakultas Kedokteran,Pendidikan Dokter
Titi Pradana,5016286322,Fakultas Kedokteran,Kebidanan
Patricia Winarsih,5062179044,Fakultas Kedokteran,Kebidanan
Umay Gunarto,5052190239,Fakultas Hukum,Ilmu Hukum
Tgk. Bakiman Tampubolon,5062676024,Fakultas Hukum,Ilmu Hukum
"Daryani Rajata, S.Farm",5086410774,Fakultas Kedokteran,Pendidikan Dokter
Aisyah Setiawan,5010299087,Fakultas Teknik,Teknik Mesin
Gabriella Putra,5017716849,Fakultas Ekonomi,Ekonomi Pembangunan
Sarah Hasanah,5036460356,Fakultas Teknik,Teknik Sipil
Tgk. Uda Laksmiwati,5035165724,Fakultas Kedokteran,Kebidanan
Malika Adriansyah,5053476226,Fakultas Hukum,Ilmu Hukum
R.M. Imam Setiawan,5017372452,Fakultas Ilmu Komputer,Sistem Informasi
Zalindra Zulaika,5068333723,Fakultas Hukum,Ilmu Hukum
Safina Hastuti,5048941853,Fakultas Kedokteran,Pendidikan Dokter
Opan Kuswandari,5037421254,Fakultas Ilmu Komputer,Sistem Informasi
Nilam Purwanti,5063785992,Fakultas Teknik,Teknik Sipil
R. Pardi Kusumo,5061328683,Fakultas Ekonomi,Ekonomi Pembangunan
Kasiyah Kurniawan,5028223769,Fakultas Ekonomi,Ekonomi Pembangunan
Zulaikha Pertiwi,5080059598,Fakultas Hukum,Ilmu Hukum
Sutan Ismail Halim,5047157859,Fakultas Ilmu Komputer,Teknologi Informasi
R.M. Hairyanto Puspasari,5066749182,Fakultas Ekonomi,Akuntansi
Unjani Hardiansyah,5000100745,Fakultas Ilmu Komputer,Sistem Informasi
"R.A. Michelle Adriansyah, M.Farm",5006220660,Fakultas Teknik,Teknik Elektro
Padma Pangestu,5029641237,Fakultas Kedokteran,Kebidanan
Ajimin Riyanti,5057577853,Fakultas Ekonomi,Manajemen
dr. Nabila Rajata,5083097601,Fakultas Teknik,Teknik Elektro
Saka Hutagalung,5015961114,Fakultas Teknik,Teknik Mesin
Halima Najmudin,5019925741,Fakultas Hukum,Ilmu Hukum
Gasti Mayasari,5072294070,Fakultas Ilmu Komputer,Teknologi Informasi
Setya Lestari,5028886959,Fakultas Ekonomi,Manajemen
Rusman Prayoga,5059504829,Fakultas Ilmu Komputer,Sistem Informasi
Martana Wastuti,5071462121,Fakultas Teknik,Teknik Sipil
Paris Wastuti,5008094376,Fakultas Kedokteran,Kebidanan
KH. Gandewa Wasita,5094809445,Fakultas Kedokteran,Kebidanan
Mahmud Mardhiyah,5011298431,Fakultas Kedokteran,Pendidikan Dokter
Capa Usada,5070577806,Fakultas Kedokteran,Pendidikan Dokter
Adhiarja Pangestu,5089053951,Fakultas Ekonomi,Ekonomi Pembangunan
Dariati Aryani,5034352557,Fakultas Ekonomi,Manajemen
Calista Suryono,5098648644,Fakultas Teknik,Teknik Mesin
Sabrina Mayasari,5095517799,Fakultas Ekonomi,Ekonomi Pembangunan
"Cut Unjani Yuliarti, S.E.",5037643154,Fakultas Ilmu Komputer,Sistem Informasi
Yosef Najmudin,5080555594,Fakultas Kedokteran,Pendidikan Dokter
Puti Julia Pradipta,5071432675,Fakultas Hukum,Ilmu Hukum
Chandra Maryati,5068910456,Fakultas Kedokteran,Kebidanan
Kenzie Uyainah,5030340834,Fakultas Ilmu Komputer,Informatika
Irwan Waluyo,5085442026,Fakultas Hukum,Ilmu Hukum
Hj. Putri Latupono,5055480087,Fakultas Teknik,Teknik Sipil
Ir. Reksa Sinaga,5034677439,Fakultas Ilmu Komputer,Informatika
Drs. Lidya Kuswandari,5097764639,Fakultas Teknik,Teknik Mesin
Puti Maimunah Simanjuntak,5013752655,Fakultas Kedokteran,Kebidanan
Endah Hasanah,5074724722,Fakultas Ekonomi,Akuntansi
Farah Prakasa,5054650646,Fakultas Teknik,Teknik Elektro
"Hairyanto Damanik, S.I.Kom",5092872373,Fakultas Ekonomi,Akuntansi
"Alika Halimah, M.Ak",5098239003,Fakultas Kedokteran,Pendidikan Dokter
"Sarah Dongoran, M.Ak",5067486715,Fakultas Kedokteran,Kebidanan
"Muhammad Maulana, S.Kom",5059725059,Fakultas Hukum,Ilmu Hukum
"dr. Elisa Laksita, S.T.",5055020640,Fakultas Ilmu Komputer,Sistem Informasi
Karya Prasasta,5050517566,Fakultas Kedokteran,Kebidanan
"Tgk. Irnanto Wijayanti, S.T.",5059373784,Fakultas Teknik,Teknik Elektro
Mala Agustina,5029029394,Fakultas Kedokteran,Pendidikan Dokter
Ega Maulana,5095279889,Fakultas Ilmu Komputer,Teknologi Informasi
Vanya Hidayanto,5024625319,Fakultas Ilmu Komputer,Teknologi Informasi
Azalea Mustofa,5068953575,Fakultas Kedokteran,Kebidanan
Balamantri Hakim,5062439898,Fakultas Ekonomi,Manajemen
Prima Usada,5034930519,Fakultas Kedokteran,Pendidikan Dokter
"R.M. Mitra Tamba, M.M.",5099153093,Fakultas Teknik,Teknik Industri
Gilda Wibisono,5066976572,Fakultas Ilmu Komputer,Sistem Informasi
Tgk. Putri Marbun,5028276588,Fakultas Kedokteran,Pendidikan Dokter
Irwan Rahayu,5029407953,Fakultas Ekonomi,Akuntansi
Yuliana Novitasari,5073578950,Fakultas Ekonomi,Manajemen
Lili Waluyo,5089484824,Fakultas Hukum,Ilmu Hukum
"Puti Zelda Puspita, S.Ked",5065814179,Fakultas Ekonomi,Ekonomi Pembangunan
"Ajimin Hutasoit, S.Psi",5042743462,Fakultas Hukum,Ilmu Hukum
Zelda Nasyidah,5092322209,Fakultas Kedokteran,Pendidikan Dokter
Rahmat Astuti,5084661668,Fakultas Hukum,Ilmu Hukum
Wage Utama,5003764641,Fakultas Ilmu Komputer,Sistem Informasi
Bagus Wasita,5019524162,Fakultas Ekonomi,Manajemen
"Laras Jailani, M.Pd",5050333897,Fakultas Kedokteran,Pendidikan Dokter
Jagaraga Hassanah,5070169575,Fakultas Ekonomi,Manajemen
"Cahya Nugroho, M.TI.",5099356713,Fakultas Hukum,Ilmu Hukum
"Puti Zahra Sinaga, S.Pt",5051471041,Fakultas Kedokteran,Pendidikan Dokter
Nilam Hutagalung,5040743471,Fakultas Ekonomi,Manajemen
Wulan Nababan,5068310330,Fakultas Ekonomi,Ekonomi Pembangunan
Okto Mandasari,5067975005,Fakultas Hukum,Ilmu Hukum
Nadia Permadi,5017957826,Fakultas Teknik,Teknik Elektro
Nabila Simanjuntak,5019038543,Fakultas Teknik,Teknik Elektro
Johan Simbolon,5055411239,Fakultas Hukum,Ilmu Hukum
"R. Prayoga Suwarno, S.Psi",5073567749,Fakultas Hukum,Ilmu Hukum
dr. Teguh Dongoran,5019051526,Fakultas Kedokteran,Kebidanan
Safina Sihotang,5005735790,Fakultas Teknik,Teknik Sipil
Lidya Novitasari,5028840845,Fakultas Ilmu Komputer,Teknologi Informasi
"Upik Namaga, S.Pd",5002543025,Fakultas Hukum,Ilmu Hukum
"Tira Suryono, S.Pd",5016682510,Fakultas Kedokteran,Pendidikan Dokter
Olivia Manullang,5035912078,Fakultas Teknik,Teknik Industri
Hj. Shania Natsir,5043615467,Fakultas Ilmu Komputer,Informatika
Fitriani Widiastuti,5006505340,Fakultas Ilmu Komputer,Sistem Informasi
Lantar Nasyiah,5039686603,Fakultas Ilmu Komputer,Informatika
Hana Hutasoit,5024861872,Fakultas Ilmu Komputer,Teknologi Informasi
"Dr. Margana Nasyiah, M.TI.",5090180054,Fakultas Ilmu Komputer,Informatika
Septi Sihombing,5016104587,Fakultas Hukum,Ilmu Hukum
"Kani Handayani, S.Pd",5045183758,Fakultas Ekonomi,Ekonomi Pembangunan
Margana Pratama,5078213025,Fakultas Hukum,Ilmu Hukum
Waluyo Anggriawan,5038449294,Fakultas Teknik,Teknik Elektro
Tgk. Aditya Waluyo,5096455461,Fakultas Ekonomi,Manajemen
Cawisono Wastuti,5077887827,Fakultas Ekonomi,Ekonomi Pembangunan
"Dr. Warsa Prasetyo, S.H.",5046007423,Fakultas Ilmu Komputer,Informatika
Ifa Pradipta,5087738177,Fakultas Teknik,Teknik Sipil
"Artawan Saefullah, S.Pt",5053832239,Fakultas Teknik,Teknik Elektro
dr. Catur Prasasta,5081275456,Fakultas Hukum,Ilmu Hukum
Mahmud Utami,5047284701,Fakultas Hukum,Ilmu Hukum
Cinthia Kusmawati,5056758074,Fakultas Hukum,Ilmu Hukum
Malika Marpaung,5022348076,Fakultas Ekonomi,Manajemen
"Asmadi Mansur, S.Farm",5048652811,Fakultas Hukum,Ilmu Hukum
Ina Jailani,5053178965,Fakultas Teknik,Teknik Mesin
"R.M. Pardi Situmorang, M.Kom.",5019627272,Fakultas Hukum,Ilmu Hukum
Amalia Permadi,5095439848,Fakultas Teknik,Teknik Lingkungan
"Maman Yuniar, S.T.",5090315435,Fakultas Kedokteran,Kebidanan
Eman Setiawan,5065276013,Fakultas Ekonomi,Akuntansi
R. Salman Situmorang,5009195577,Fakultas Teknik,Teknik Industri
Puti Dalima Zulkarnain,5010290209,Fakultas Ilmu Komputer,Sistem Informasi
Umaya Sudiati,5065222002,Fakultas Kedokteran,Pendidikan Dokter
"Yani Siregar, S.Ked",5055906864,Fakultas Hukum,Ilmu Hukum
Laras Pratama,5005252035,Fakultas Ilmu Komputer,Teknologi Informasi
T. Kariman Wulandari,5034157982,Fakultas Kedokteran,Pendidikan Dokter
"Raihan Marbun, S.E.I",5080810958,Fakultas Ekonomi,Manajemen
Belinda Permata,5074103415,Fakultas Ilmu Komputer,Sistem Informasi
Nugraha Widodo,5023744294,Fakultas Teknik,Teknik Lingkungan
"Alika Kusmawati, S.IP",5039360488,Fakultas Ekonomi,Akuntansi
Luis Tampubolon,5024511366,Fakultas Kedokteran,Pendidikan Dokter
Eli Usada,5068191263,Fakultas Hukum,Ilmu Hukum
"R. Harja Wasita, S.H.",5054885066,Fakultas Ilmu Komputer,Sistem Informasi
H. Lulut Jailani,5099792463,Fakultas Ekonomi,Akuntansi
"R.M. Jaka Rajasa, S.I.Kom",5073041026,Fakultas Teknik,Teknik Industri
Marsito Saefullah,5000663456,Fakultas Kedokteran,Kebidanan
Kenzie Padmasari,5025768361,Fakultas Kedokteran,Kebidanan
Puji Dabukke,5038591483,Fakultas Kedokteran,Kebidanan
Marsudi Nababan,5080063349,Fakultas Teknik,Teknik Lingkungan
Yulia Mayasari,5090027379,Fakultas Kedokteran,Kebidanan
Hamima Hastuti,5035846363,Fakultas Ilmu Komputer,Teknologi Informasi
Bakda Utami,5068263654,Fakultas Ilmu Komputer,Informatika
Agnes Damanik,5054398902,Fakultas Ilmu Komputer,Teknologi Informasi
"Drs. Garan Rajasa, S.Gz",5064012074,Fakultas Kedokteran,Kebidanan
Jane Hastuti,5069753630,Fakultas Hukum,Ilmu Hukum
Lukman Zulkarnain,5000241376,Fakultas Ilmu Komputer,Sistem Informasi
"Salwa Wahyudin, S.E.",5090611455,Fakultas Hukum,Ilmu Hukum
"Tirtayasa Wijayanti, M.Kom.",5008354367,Fakultas Teknik,Teknik Mesin
Ir. Putri Putra,5057304013,Fakultas Kedokteran,Pendidikan Dokter
dr. Winda Prayoga,5027228058,Fakultas Teknik,Teknik Industri
Aurora Ramadan,5058175613,Fakultas Hukum,Ilmu Hukum
Puti Wani Sitompul,5043483070,Fakultas Teknik,Teknik Industri
Yance Palastri,5086029895,Fakultas Teknik,Teknik Sipil
"Kanda Tamba, M.Ak",5005653932,Fakultas Hukum,Ilmu Hukum
"Vivi Natsir, S.IP",5025644580,Fakultas Hukum,Ilmu Hukum
Gina Maulana,5026464388,Fakultas Ekonomi,Ekonomi Pembangunan
drg. Irma Wulandari,5095037769,Fakultas Kedokteran,Pendidikan Dokter
R.M. Kurnia Purwanti,5081653209,Fakultas Hukum,Ilmu Hukum
Ifa Maulana,5097964714,Fakultas Ekonomi,Akuntansi
"R. Titi Tarihoran, S.Gz",5017010714,Fakultas Hukum,Ilmu Hukum
Edi Lestari,5020021963,Fakultas Kedokteran,Pendidikan Dokter
Rahmat Usada,5000389780,Fakultas Hukum,Ilmu Hukum
Jamil Prastuti,5017490676,Fakultas Ilmu Komputer,Informatika
Dalima Marbun,5034962446,Fakultas Ekonomi,Akuntansi
Carub Iswahyudi,5013294295,Fakultas Teknik,Teknik Industri
"Julia Hastuti, S.Ked",5095525485,Fakultas Kedokteran,Kebidanan
Ratih Sudiati,5098847219,Fakultas Kedokteran,Pendidikan Dokter
R. Faizah Hidayanto,5086089011,Fakultas Ilmu Komputer,Sistem Informasi
Melinda Waluyo,5061546492,Fakultas Kedokteran,Kebidanan
Vicky Pertiwi,5039550524,Fakultas Teknik,Teknik Elektro
dr. Ida Hastuti,5080395029,Fakultas Ekonomi,Manajemen
Zaenab Waluyo,5090006746,Fakultas Ilmu Komputer,Teknologi Informasi
"dr. Panca Winarno, S.Sos",5021234269,Fakultas Hukum,Ilmu Hukum
R.A. Hesti Hariyah,5067076290,Fakultas Teknik,Teknik Elektro
Jindra Safitri,5007116361,Fakultas Kedokteran,Pendidikan Dokter
"H. Respati Wasita, S.Pd",5056912330,Fakultas Kedokteran,Kebidanan
Tania Napitupulu,5035921328,Fakultas Teknik,Teknik Sipil
Yani Budiman,5044600796,Fakultas Hukum,Ilmu Hukum
"Tgk. Maimunah Sinaga, S.Gz",5090349577,Fakultas Hukum,Ilmu Hukum
Raina Zulkarnain,5078930167,Fakultas Hukum,Ilmu Hukum
Oliva Setiawan,5091106617,Fakultas Ekonomi,Akuntansi
"Ulva Hassanah, S.I.Kom",5026154833,Fakultas Ekonomi,Ekonomi Pembangunan
Keisha Wahyudin,5093377955,Fakultas Teknik,Teknik Lingkungan
Kawaca Zulaika,5004479883,Fakultas Ekonomi,Akuntansi
Eva Mardhiyah,5032744884,Fakultas Hukum,Ilmu Hukum
"Drs. Gina Utami, S.E.",5083572345,Fakultas Hukum,Ilmu Hukum
"R. Ika Gunarto, S.Ked",5094254851,Fakultas Ekonomi,Ekonomi Pembangunan
Kurnia Wahyuni,5072280845,Fakultas Ekonomi,Manajemen
Silvia Aryani,5012365497,Fakultas Ilmu Komputer,Teknologi Informasi
Raina Wacana,5049906990,Fakultas Ekonomi,Akuntansi
Aurora Prabowo,5057545352,Fakultas Ekonomi,Akuntansi
Jais Mandala,5060873319,Fakultas Ekonomi,Ekonomi Pembangunan
"R. Jamalia Prasetya, S.Sos",5019248091,Fakultas Hukum,Ilmu Hukum
"Lintang Oktaviani, S.E.I",5048410060,Fakultas Kedokteran,Kebidanan
"dr. Bakiman Handayani, S.I.Kom",5072884504,Fakultas Hukum,Ilmu Hukum
Jasmin Nasyiah,5077791404,Fakultas Teknik,Teknik Industri
Kamila Lestari,5056119091,Fakultas Hukum,Ilmu Hukum
"R. Mutia Jailani, S.Pd",5005982798,Fakultas Teknik,Teknik Industri
Gaiman Pudjiastuti,5063812716,Fakultas Hukum,Ilmu Hukum
Ir. Lili Rahimah,5094291792,Fakultas Hukum,Ilmu Hukum
"drg. Dian Budiyanto, M.TI.",5090327252,Fakultas Ekonomi,Manajemen
Mahdi Budiman,5082934836,Fakultas Ilmu Komputer,Informatika
Sutan Karta Damanik,5005896156,Fakultas Ilmu Komputer,Teknologi Informasi
R. Cinta Uyainah,5068723328,Fakultas Hukum,Ilmu Hukum
Lukman Rahayu,5006025474,Fakultas Kedokteran,Kebidanan
Mutia Tampubolon,5096405080,Fakultas Kedokteran,Kebidanan
"Pranawa Winarno, S.Sos",5091998036,Fakultas Kedokteran,Pendidikan Dokter
Dadap Prayoga,5058424639,Fakultas Teknik,Teknik Sipil
Dt. Taufan Pertiwi,5074798694,Fakultas Teknik,Teknik Mesin
Rahayu Hutapea,5090980795,Fakultas Kedokteran,Kebidanan
Bajragin Usada,5075591791,Fakultas Teknik,Teknik Elektro
Harjo Marbun,5022883277,Fakultas Teknik,Teknik Mesin
"dr. Janet Megantara, S.I.Kom",5033868854,Fakultas Ilmu Komputer,Sistem Informasi
Hasta Winarno,5004745994,Fakultas Kedokteran,Pendidikan Dokter
Drs. Sari Puspasari,5076030854,Fakultas Ekonomi,Akuntansi
Puji Oktaviani,5027507675,Fakultas Ekonomi,Manajemen
dr. Cengkir Sirait,5054667255,Fakultas Teknik,Teknik Mesin
"Queen Laksmiwati, M.M.",5063594016,Fakultas Hukum,Ilmu Hukum
dr. Kalim Sitorus,5051748794,Fakultas Teknik,Teknik Industri
"Cut Almira Saputra, S.Sos",5013477946,Fakultas Kedokteran,Kebidanan
Bakijan Kuswandari,5090716116,Fakultas Hukum,Ilmu Hukum
Cut Rini Salahudin,5096114158,Fakultas Ilmu Komputer,Sistem Informasi
Kamaria Yuniar,5021963720,Fakultas Kedokteran,Kebidanan
"Tgk. Malik Hutapea, M.Ak",5049041018,Fakultas Ekonomi,Manajemen
Purwadi Pratiwi,5037082697,Fakultas Teknik,Teknik Mesin
Aswani Wijayanti,5099466776,Fakultas Kedokteran,Pendidikan Dokter
Gangsar Yulianti,5083481064,Fakultas Ilmu Komputer,Sistem Informasi
Laswi Gunawan,5075669578,Fakultas Kedokteran,Kebidanan
"Cut Padma Usada, S.Ked",5020454721,Fakultas Hukum,Ilmu Hukum
Hasta Hartati,5058250261,Fakultas Ekonomi,Akuntansi
"Ir. Rahmi Laksmiwati, S.Farm",5073267896,Fakultas Hukum,Ilmu Hukum
Bahuwarna Habibi,5003531451,Fakultas Kedokteran,Pendidikan Dokter
Dalimin Widiastuti,5015503341,Fakultas Teknik,Teknik Sipil
Dwi Yolanda,5069302645,Fakultas Ekonomi,Manajemen
Dacin Halim,5098895640,Fakultas Ilmu Komputer,Teknologi Informasi
"dr. Ghaliyati Mandasari, S.Psi",5075713293,Fakultas Hukum,Ilmu Hukum
Vanesa Zulkarnain,5057805440,Fakultas Hukum,Ilmu Hukum
Ir. Galar Pertiwi,5001830507,Fakultas Kedokteran,Kebidanan
"Drs. Maya Saptono, S.I.Kom",5019667288,Fakultas Hukum,Ilmu Hukum
Slamet Tampubolon,5013620176,Fakultas Ekonomi,Akuntansi
Ella Tarihoran,5049134050,Fakultas Teknik,Teknik Sipil
Panca Thamrin,5008979505,Fakultas Teknik,Teknik Sipil
Drs. Vino Tampubolon,5039980261,Fakultas Teknik,Teknik Sipil
Amalia Suryatmi,5061389921,Fakultas Hukum,Ilmu Hukum
"Puti Zulfa Wulandari, M.TI.",5053074011,Fakultas Kedokteran,Pendidikan Dokter
Hani Megantara,5036086343,Fakultas Ilmu Komputer,Sistem Informasi
Dadi Kusmawati,5073153831,Fakultas Kedokteran,Pendidikan Dokter
Darman Najmudin,5054643028,Fakultas Kedokteran,Kebidanan
Ida Wibowo,5068485333,Fakultas Kedokteran,Pendidikan Dokter
Yunita Mahendra,5007916209,Fakultas Ilmu Komputer,Sistem Informasi
"Alika Sirait, M.TI.",5066793880,Fakultas Teknik,Teknik Elektro
"Mulyanto Irawan, M.Ak",5045044797,Fakultas Teknik,Teknik Mesin
"dr. Uchita Mandasari, S.Pd",5096019657,Fakultas Ilmu Komputer,Teknologi Informasi
"Latika Saptono, S.Pd",5098198669,Fakultas Ekonomi,Akuntansi
Harsaya Saragih,5074110665,Fakultas Ekonomi,Akuntansi
R.M. Baktiono Halim,5026037141,Fakultas Teknik,Teknik Lingkungan
Jais Kusumo,5077489694,Fakultas Teknik,Teknik Mesin
"Ibrahim Hakim, S.Farm",5038079127,Fakultas Ilmu Komputer,Sistem Informasi
Mursita Hartati,5081543631,Fakultas Ilmu Komputer,Sistem Informasi
Mahmud Hardiansyah,5003391479,Fakultas Hukum,Ilmu Hukum
Dr. Elvina Winarsih,5093877867,Fakultas Ekonomi,Manajemen
Gabriella Widiastuti,5004123747,Fakultas Teknik,Teknik Sipil
Diana Yuniar,5006415132,Fakultas Hukum,Ilmu Hukum
Kasusra Nugroho,5006741012,Fakultas Kedokteran,Pendidikan Dokter
Arsipatra Anggraini,5062070468,Fakultas Ekonomi,Manajemen
"Lasmanto Budiman, M.TI.",5053562706,Fakultas Hukum,Ilmu Hukum
Nurul Halim,5073601096,Fakultas Kedokteran,Kebidanan
Yani Lailasari,5077291041,Fakultas Kedokteran,Kebidanan
Bakiadi Gunawan,5080402361,Fakultas Hukum,Ilmu Hukum
"Kawaca Anggriawan, M.M.",5021058767,Fakultas Kedokteran,Kebidanan
dr. Cemani Anggraini,5027133807,Fakultas Ilmu Komputer,Informatika
Waluyo Santoso,5031587185,Fakultas Ilmu Komputer,Teknologi Informasi
"Tgk. Sakura Laksita, S.Gz",5068897149,Fakultas Ilmu Komputer,Sistem Informasi
Victoria Narpati,5022450858,Fakultas Ilmu Komputer,Sistem Informasi
Ulva Mangunsong,5049144004,Fakultas Teknik,Teknik Industri
Yunita Widodo,5094846825,Fakultas Ilmu Komputer,Informatika
Drs. Oman Nugroho,5076295823,Fakultas Teknik,Teknik Sipil
"R.M. Jagapati Halimah, M.Kom.",5092946252,Fakultas Teknik,Teknik Industri
"Lili Tarihoran, M.Farm",5009819488,Fakultas Teknik,Teknik Elektro
Liman Mandala,5071894816,Fakultas Ilmu Komputer,Teknologi Informasi
Wawan Prasasta,5026269906,Fakultas Teknik,Teknik Elektro
"Cut Nilam Natsir, M.Kom.",5057748260,Fakultas Kedokteran,Kebidanan
"Prayitna Ardianto, S.Sos",5065833081,Fakultas Hukum,Ilmu Hukum
Zalindra Maulana,5026830290,Fakultas Kedokteran,Kebidanan
Dr. Rika Prabowo,5089142494,Fakultas Ekonomi,Ekonomi Pembangunan
"Drs. Slamet Narpati, S.IP",5016525498,Fakultas Hukum,Ilmu Hukum
"Cahyo Marbun, M.Kom.",5068393506,Fakultas Ilmu Komputer,Sistem Informasi
"R.M. Simon Pratiwi, S.Gz",5080747797,Fakultas Hukum,Ilmu Hukum
Saadat Iswahyudi,5057772030,Fakultas Kedokteran,Pendidikan Dokter
dr. Latika Latupono,5000436575,Fakultas Teknik,Teknik Sipil
Unjani Nashiruddin,5046210392,Fakultas Ekonomi,Manajemen
Puti Faizah Tampubolon,5097114243,Fakultas Hukum,Ilmu Hukum
Mursita Susanti,5043779002,Fakultas Ekonomi,Akuntansi
Jaeman Damanik,5016742430,Fakultas Ekonomi,Manajemen
Laswi Usamah,5043603506,Fakultas Teknik,Teknik Elektro
Ani Fujiati,5076638059,Fakultas Ilmu Komputer,Informatika
"Utama Prabowo, M.Farm",5091266267,Fakultas Kedokteran,Kebidanan
"Dt. Omar Hasanah, M.Ak",5037181896,Fakultas Ekonomi,Akuntansi
"Carub Napitupulu, S.E.",5026194463,Fakultas Ilmu Komputer,Teknologi Informasi
"dr. Mitra Adriansyah, M.Ak",5010103048,Fakultas Hukum,Ilmu Hukum
Talia Gunawan,5055826669,Fakultas Teknik,Teknik Mesin
Suci Maryati,5060669443,Fakultas Ekonomi,Ekonomi Pembangunan
Vanya Budiman,5097107264,Fakultas Ilmu Komputer,Teknologi Informasi
Jasmin Sudiati,5080355186,Fakultas Kedokteran,Pendidikan Dokter
Tiara Firmansyah,5013388247,Fakultas Teknik,Teknik Elektro
Kani Siregar,5065579089,Fakultas Ekonomi,Akuntansi
"Tgk. Ivan Firmansyah, S.Psi",5006072817,Fakultas Teknik,Teknik Industri
"drg. Mustika Prayoga, S.Psi",5058923060,Fakultas Hukum,Ilmu Hukum
Kasiran Pradana,5057837671,Fakultas Hukum,Ilmu Hukum
Jelita Tamba,5067675620,Fakultas Kedokteran,Kebidanan
Kamaria Rajata,5030137835,Fakultas Ilmu Komputer,Teknologi Informasi
"Maida Wijayanti, S.Sos",5012998734,Fakultas Ilmu Komputer,Informatika
Reksa Rahmawati,5063685602,Fakultas Ekonomi,Manajemen
Hasim Firmansyah,5004853788,Fakultas Hukum,Ilmu Hukum
"Sutan Pardi Maheswara, M.TI.",5095867054,Fakultas Hukum,Ilmu Hukum
Wahyu Saragih,5073713218,Fakultas Ekonomi,Akuntansi
Yahya Prastuti,5044109761,Fakultas Teknik,Teknik Lingkungan
"R.A. Alika Oktaviani, S.I.Kom",5056775900,Fakultas Ilmu Komputer,Informatika
Ayu Pertiwi,5091811366,Fakultas Ilmu Komputer,Informatika
Najwa Marpaung,5090899691,Fakultas Teknik,Teknik Lingkungan
Luwar Firmansyah,5095363013,Fakultas Kedokteran,Kebidanan
Cindy Hastuti,5044428159,Fakultas Hukum,Ilmu Hukum
Lili Januar,5070193585,Fakultas Ilmu Komputer,Teknologi Informasi
Safina Maryadi,5012351351,Fakultas Ekonomi,Akuntansi
Dewi Saefullah,5010840810,Fakultas Ilmu Komputer,Informatika
Paris Hidayat,5065086781,Fakultas Teknik,Teknik Industri
"Atmaja Laksmiwati, M.Kom.",5085267748,Fakultas Ilmu Komputer,Teknologi Informasi
Sabar Halim,5092917410,Fakultas Kedokteran,Kebidanan
drg. Yunita Nurdiyanti,5051637835,Fakultas Hukum,Ilmu Hukum
Tina Fujiati,5045906898,Fakultas Hukum,Ilmu Hukum
"Wira Purnawati, S.Kom",5062424448,Fakultas Ilmu Komputer,Teknologi Informasi
Bakijan Hidayanto,5037968121,Fakultas Kedokteran,Pendidikan Dokter
Jindra Sihotang,5065079685,Fakultas Hukum,Ilmu Hukum
Clara Sihotang,5033360636,Fakultas Ekonomi,Manajemen
Samiah Januar,5091948067,Fakultas Ekonomi,Manajemen
"Adhiarja Yuliarti, S.Pt",5050279560,Fakultas Hukum,Ilmu Hukum
"Rangga Wijaya, S.T.",5084850782,Fakultas Ilmu Komputer,Sistem Informasi
"Sabrina Jailani, S.E.",5082306952,Fakultas Teknik,Teknik Lingkungan
KH. Kuncara Mandala,5049628407,Fakultas Kedokteran,Kebidanan
"drg. Ami Gunawan, S.E.I",5040797689,Fakultas Hukum,Ilmu Hukum
"drg. Syahrini Pradipta, S.Psi",5029568369,Fakultas Ekonomi,Ekonomi Pembangunan
Azalea Permata,5044137862,Fakultas Teknik,Teknik Mesin
Indra Suryatmi,5087451545,Fakultas Ilmu Komputer,Teknologi Informasi
Dr. Mulya Hutasoit,5051494045,Fakultas Ilmu Komputer,Sistem Informasi
Natalia Hardiansyah,5005209254,Fakultas Teknik,Teknik Lingkungan
Makara Kusumo,5012022938,Fakultas Kedokteran,Kebidanan
Tgk. Iriana Hidayanto,5032735858,Fakultas Ilmu Komputer,Teknologi Informasi
"Adinata Napitupulu, M.Kom.",5034018618,Fakultas Ilmu Komputer,Teknologi Informasi
"Janet Winarsih, M.Farm",5098368015,Fakultas Hukum,Ilmu Hukum
"Ikhsan Suryono, M.Kom.",5066101257,Fakultas Teknik,Teknik Mesin
Endra Sihombing,5050670025,Fakultas Ilmu Komputer,Teknologi Informasi
R.A. Devi Ardianto,5055966788,Fakultas Ekonomi,Ekonomi Pembangunan
Gamanto Mandala,5094504077,Fakultas Kedokteran,Kebidanan
Queen Laksmiwati,5031292843,Fakultas Ekonomi,Akuntansi
Jarwa Siregar,5073211069,Fakultas Teknik,Teknik Sipil
"drg. Wulan Setiawan, S.Pd",5033745458,Fakultas Ekonomi,Akuntansi
"Akarsana Usada, S.E.I",5072701464,Fakultas Teknik,Teknik Elektro
Belinda Wibowo,5015558544,Fakultas Teknik,Teknik Sipil
Nurul Hutagalung,5024995046,Fakultas Kedokteran,Kebidanan
Maras Nainggolan,5059134931,Fakultas Teknik,Teknik Sipil
Rika Riyanti,5087756428,Fakultas Hukum,Ilmu Hukum
Diana Aryani,5060229357,Fakultas Kedokteran,Pendidikan Dokter
"Zaenab Natsir, M.Farm",5025210231,Fakultas Kedokteran,Pendidikan Dokter
"drg. Ozy Adriansyah, S.E.",5078801127,Fakultas Ilmu Komputer,Sistem Informasi
Baktiono Melani,5060758157,Fakultas Teknik,Teknik Industri
Jasmin Mansur,5026032608,Fakultas Hukum,Ilmu Hukum
Ir. Umi Prastuti,5054481898,Fakultas Hukum,Ilmu Hukum
Cici Hartati,5097833852,Fakultas Teknik,Teknik Elektro
Ir. Wira Agustina,5007786060,Fakultas Ilmu Komputer,Informatika
"Devi Hutagalung, M.Farm",5099926000,Fakultas Kedokteran,Kebidanan
"drg. Baktiadi Manullang, M.TI.",5000944765,Fakultas Hukum,Ilmu Hukum
Taswir Simanjuntak,5035571354,Fakultas Ilmu Komputer,Teknologi Informasi
Jono Siregar,5086579784,Fakultas Ekonomi,Ekonomi Pembangunan
Iriana Puspasari,5086194810,Fakultas Ilmu Komputer,Sistem Informasi
Hesti Lailasari,5095859227,Fakultas Kedokteran,Kebidanan
Teguh Maryadi,5055951806,Fakultas Ekonomi,Ekonomi Pembangunan
"Salimah Simanjuntak, S.I.Kom",5037183912,Fakultas Hukum,Ilmu Hukum
Dipa Mustofa,5007569480,Fakultas Teknik,Teknik Lingkungan
Harsanto Permadi,5089339554,Fakultas Kedokteran,Pendidikan Dokter
Mulyanto Pradipta,5041509987,Fakultas Ekonomi,Akuntansi
Karsana Mayasari,5092809517,Fakultas Kedokteran,Kebidanan
Tgk. Elvin Wahyudin,5083819599,Fakultas Kedokteran,Pendidikan Dokter
Paramita Safitri,5029472477,Fakultas Ekonomi,Ekonomi Pembangunan
Novi Astuti,5007603584,Fakultas Hukum,Ilmu Hukum
R.M. Adika Natsir,5041159017,Fakultas Teknik,Teknik Elektro
Sutan Garan Yulianti,5023495347,Fakultas Kedokteran,Pendidikan Dokter
Puti Icha Winarno,5045623927,Fakultas Kedokteran,Pendidikan Dokter
Harimurti Astuti,5045319312,Fakultas Ilmu Komputer,Sistem Informasi
Cahya Kuswoyo,5098095657,Fakultas Hukum,Ilmu Hukum
Wakiman Hakim,5065994879,Fakultas Ilmu Komputer,Teknologi Informasi
"R. Padma Susanti, M.Ak",5035495153,Fakultas Ekonomi,Ekonomi Pembangunan
Ajiman Firgantoro,5063249745,Fakultas Ekonomi,Ekonomi Pembangunan
"Ir. Julia Sudiati, M.Ak",5096719933,Fakultas Ekonomi,Ekonomi Pembangunan
Devi Hartati,5022436888,Fakultas Teknik,Teknik Industri
dr. Jelita Wulandari,5060402013,Fakultas Kedokteran,Pendidikan Dokter
Genta Winarsih,5045218873,Fakultas Kedokteran,Kebidanan
Virman Pradana,5002956935,Fakultas Kedokteran,Pendidikan Dokter
drg. Aurora Jailani,5077124841,Fakultas Ilmu Komputer,Teknologi Informasi
"Hj. Jane Najmudin, S.E.I",5067363650,Fakultas Teknik,Teknik Mesin
Teguh Manullang,5033565086,Fakultas Kedokteran,Kebidanan
Hana Prastuti,5097902540,Fakultas Ekonomi,Ekonomi Pembangunan
Dinda Wacana,5051318659,Fakultas Hukum,Ilmu Hukum
"drg. Jaka Saputra, S.Farm",5054251507,Fakultas Teknik,Teknik Industri
"Karna Aryani, S.T.",5027164215,Fakultas Kedokteran,Kebidanan
Kani Dongoran,5099699435,Fakultas Teknik,Teknik Mesin
Lalita Widodo,5038698098,Fakultas Kedokteran,Pendidikan Dokter
Cahyono Hardiansyah,5036130858,Fakultas Teknik,Teknik Industri
Hartaka Saputra,5024546024,Fakultas Teknik,Teknik Mesin
Maya Utama,5002283974,Fakultas Ilmu Komputer,Informatika
Bambang Dongoran,5034479218,Fakultas Ilmu Komputer,Sistem Informasi
"R. Jagapati Wibisono, S.E.",5013066571,Fakultas Hukum,Ilmu Hukum
Hj. Alika Wibisono,5039379416,Fakultas Teknik,Teknik Lingkungan
Prima Hidayat,5053644226,Fakultas Ilmu Komputer,Sistem Informasi
"Ellis Halim, S.Pt",5033028139,Fakultas Teknik,Teknik Elektro
Ir. Ani Fujiati,5092873834,Fakultas Ekonomi,Manajemen
Yunita Suryono,5072389301,Fakultas Teknik,Teknik Industri
Diah Samosir,5024254193,Fakultas Teknik,Teknik Mesin
Tania Laksita,5099886593,Fakultas Hukum,Ilmu Hukum
"Teddy Sudiati, S.Ked",5087064967,Fakultas Kedokteran,Pendidikan Dokter
Mila Wasita,5030253793,Fakultas Ekonomi,Akuntansi
Ifa Wastuti,5010803521,Fakultas Teknik,Teknik Mesin
Dinda Ramadan,5017356361,Fakultas Teknik,Teknik Lingkungan
"Yunita Susanti, S.Psi",5073333761,Fakultas Hukum,Ilmu Hukum
"Padma Rajata, M.Farm",5021875276,Fakultas Ekonomi,Manajemen
Ulya Iswahyudi,5056090562,Fakultas Teknik,Teknik Sipil
dr. Vanya Halimah,5054688128,Fakultas Kedokteran,Kebidanan
Cut Ilsa Kuswoyo,5043606276,Fakultas Teknik,Teknik Elektro
"Hj. Ade Yuliarti, S.H.",5004736113,Fakultas Kedokteran,Pendidikan Dokter
Ibrani Nuraini,5008785412,Fakultas Ekonomi,Ekonomi Pembangunan
"Puti Yance Nasyiah, S.I.Kom",5023845634,Fakultas Ilmu Komputer,Sistem Informasi
Vera Saefullah,5033442590,Fakultas Ekonomi,Ekonomi Pembangunan
Panji Prasetya,5040121495,Fakultas Ilmu Komputer,Teknologi Informasi
Dr. Martana Maryadi,5042325906,Fakultas Kedokteran,Pendidikan Dokter
H. Mumpuni Yulianti,5051953256,Fakultas Ilmu Komputer,Informatika
Novi Januar,5001518377,Fakultas Ilmu Komputer,Teknologi Informasi
Puti Diana Agustina,5055960898,Fakultas Ilmu Komputer,Teknologi Informasi
"Drs. Hani Safitri, S.Farm",5036149052,Fakultas Kedokteran,Kebidanan
Cahyadi Irawan,5088522767,Fakultas Teknik,Teknik Lingkungan
Zulfa Safitri,5053997938,Fakultas Ekonomi,Akuntansi
Damar Mandasari,5031484287,Fakultas Ekonomi,Akuntansi
Uchita Yulianti,5097714992,Fakultas Hukum,Ilmu Hukum
"Dt. Jayadi Gunarto, S.Gz",5046751991,Fakultas Kedokteran,Pendidikan Dokter
Sutan Emas Marbun,5010081496,Fakultas Kedokteran,Kebidanan
Tiara Nurdiyanti,5050370200,Fakultas Teknik,Teknik Industri
Ajiman Thamrin,5011986857,Fakultas Ilmu Komputer,Teknologi Informasi
Omar Hakim,5078700970,Fakultas Kedokteran,Pendidikan Dokter
Rachel Sihotang,5069646158,Fakultas Hukum,Ilmu Hukum
"Ir. Kamila Permata, S.T.",5047906963,Fakultas Hukum,Ilmu Hukum
Dacin Maryadi,5063088904,Fakultas Hukum,Ilmu Hukum
Candra Sinaga,5034107404,Fakultas Hukum,Ilmu Hukum
Anita Mandasari,5048593839,Fakultas Kedokteran,Pendidikan Dokter
Farah Samosir,5004977785,Fakultas Ilmu Komputer,Informatika
Langgeng Sirait,5081119722,Fakultas Teknik,Teknik Industri
"Ir. Vanesa Marpaung, S.I.Kom",5053830289,Fakultas Ilmu Komputer,Informatika
Cut Sari Yulianti,5045650774,Fakultas Ekonomi,Manajemen
"Tiara Nababan, S.H.",5050581627,Fakultas Kedokteran,Pendidikan Dokter
Niyaga Latupono,5050548521,Fakultas Hukum,Ilmu Hukum
"Lanang Simanjuntak, S.E.",5073632024,Fakultas Ilmu Komputer,Teknologi Informasi
Kania Prasetyo,5086591648,Fakultas Ekonomi,Ekonomi Pembangunan
"R.M. Ajiono Uwais, M.Kom.",5024005003,Fakultas Ilmu Komputer,Informatika
"Cut Hesti Agustina, S.Sos",5056865871,Fakultas Ekonomi,Ekonomi Pembangunan
Cornelia Pranowo,5097453491,Fakultas Ekonomi,Ekonomi Pembangunan
Okto Fujiati,5042303604,Fakultas Ilmu Komputer,Teknologi Informasi
"Saka Utami, S.Farm",5039239777,Fakultas Ilmu Komputer,Sistem Informasi
Ibrahim Wacana,5077111413,Fakultas Ilmu Komputer,Sistem Informasi
Tantri Mulyani,5036064188,Fakultas Kedokteran,Kebidanan
Cinta Ardianto,5051572815,Fakultas Hukum,Ilmu Hukum
Nabila Wibowo,5018701724,Fakultas Hukum,Ilmu Hukum
"Paramita Lestari, S.H.",5098838048,Fakultas Teknik,Teknik Mesin
Bakda Haryanti,5087648583,Fakultas Ilmu Komputer,Sistem Informasi
Cengkir Laksmiwati,5004086288,Fakultas Hukum,Ilmu Hukum
"KH. Ganep Haryanti, S.H.",5051601613,Fakultas Ilmu Komputer,Sistem Informasi
Yance Yolanda,5072465488,Fakultas Teknik,Teknik Sipil
Cemani Saefullah,5031403307,Fakultas Ekonomi,Akuntansi
Jane Suartini,5090109785,Fakultas Teknik,Teknik Industri
Bagya Putra,5003611761,Fakultas Hukum,Ilmu Hukum
Tina Puspita,5025811517,Fakultas Hukum,Ilmu Hukum
Dinda Wahyuni,5089860485,Fakultas Hukum,Ilmu Hukum
Dr. Talia Budiman,5045083959,Fakultas Ilmu Komputer,Teknologi Informasi
"Puti Yani Prasasta, S.Pd",5062995231,Fakultas Kedokteran,Kebidanan
Amelia Firmansyah,5013927649,Fakultas Teknik,Teknik Mesin
drg. Unjani Rajasa,5004666886,Fakultas Kedokteran,Kebidanan
Hj. Laras Setiawan,5023877412,Fakultas Ilmu Komputer,Informatika
Ella Jailani,5082288407,Fakultas Ilmu Komputer,Sistem Informasi
"Ir. Dwi Handayani, S.Ked",5084275576,Fakultas Ekonomi,Manajemen
Uchita Ramadan,5035037847,Fakultas Hukum,Ilmu Hukum
Oliva Rajata,5017754874,Fakultas Kedokteran,Pendidikan Dokter
Oni Marbun,5096424775,Fakultas Kedokteran,Pendidikan Dokter
Mala Mandala,5018086915,Fakultas Teknik,Teknik Mesin
Dewi Wahyuni,5052181324,Fakultas Hukum,Ilmu Hukum
Hardi Budiyanto,5058688474,Fakultas Kedokteran,Pendidikan Dokter
Siska Wijaya,5029744487,Fakultas Kedokteran,Pendidikan Dokter
Qori Suwarno,5006868760,Fakultas Kedokteran,Pendidikan Dokter
Vega Putra,5068151916,Fakultas Kedokteran,Kebidanan
Novi Yuliarti,5083577659,Fakultas Ekonomi,Manajemen
"Ir. Eva Napitupulu, M.TI.",5061266644,Fakultas Hukum,Ilmu Hukum
"Gandi Handayani, M.Kom.",5044435602,Fakultas Ekonomi,Manajemen
Ina Adriansyah,5067954015,Fakultas Kedokteran,Pendidikan Dokter
Tira Irawan,5028036121,Fakultas Kedokteran,Kebidanan
"Slamet Irawan, M.TI.",5031399749,Fakultas Ekonomi,Akuntansi
drg. Cici Prabowo,5058908486,Fakultas Ilmu Komputer,Informatika
Lidya Suartini,5095539220,Fakultas Hukum,Ilmu Hukum
Setya Farida,5071873721,Fakultas Ilmu Komputer,Informatika
"H. Unggul Megantara, S.Ked",5091980817,Fakultas Teknik,Teknik Sipil
Widya Hidayat,5069575014,Fakultas Teknik,Teknik Industri
"KH. Perkasa Mangunsong, S.Gz",5041800274,Fakultas Ilmu Komputer,Informatika
Rahayu Novitasari,5071441902,Fakultas Teknik,Teknik Mesin
"Tgk. Zaenab Kurniawan, M.M.",5014947201,Fakultas Kedokteran,Pendidikan Dokter
Cornelia Yulianti,5045207777,Fakultas Kedokteran,Pendidikan Dokter
Ida Farida,5075127069,Fakultas Teknik,Teknik Elektro
Rina Mayasari,5028469206,Fakultas Teknik,Teknik Mesin
Diana Tampubolon,5074946486,Fakultas Ekonomi,Manajemen
"R.A. Victoria Prabowo, S.IP",5027271456,Fakultas Ekonomi,Ekonomi Pembangunan
Paramita Firgantoro,5093650945,Fakultas Kedokteran,Pendidikan Dokter
"KH. Nardi Dongoran, S.Pt",5023286319,Fakultas Ilmu Komputer,Sistem Informasi
Agus Halim,5041545256,Fakultas Ilmu Komputer,Sistem Informasi
drg. Mustika Sihombing,5003111120,Fakultas Ilmu Komputer,Sistem Informasi
"Puspa Laksita, S.Sos",5021508899,Fakultas Teknik,Teknik Mesin
"Kezia Oktaviani, M.Ak",5056963501,Fakultas Ilmu Komputer,Teknologi Informasi
R.A. Gawati Pratiwi,5075092463,Fakultas Teknik,Teknik Lingkungan
Tari Mansur,5078751693,Fakultas Hukum,Ilmu Hukum
Tgk. Jamil Irawan,5014166487,Fakultas Hukum,Ilmu Hukum
"Surya Salahudin, S.Psi",5057252081,Fakultas Kedokteran,Kebidanan
Lala Pratama,5064691372,Fakultas Hukum,Ilmu Hukum
Umay Purwanti,5013614891,Fakultas Ekonomi,Manajemen
Ina Kuswoyo,5089035375,Fakultas Teknik,Teknik Mesin
Damu Nababan,5042467947,Fakultas Kedokteran,Pendidikan Dokter
"Hj. Vanesa Lazuardi, M.Ak",5098798704,Fakultas Hukum,Ilmu Hukum
Mulyono Saputra,5079911076,Fakultas Teknik,Teknik Industri
Asmuni Pradana,5052592016,Fakultas Hukum,Ilmu Hukum
"Hani Halim, S.Kom",5021887442,Fakultas Ilmu Komputer,Teknologi Informasi
"Emil Utami, S.Ked",5000094010,Fakultas Teknik,Teknik Industri
Usyi Wahyudin,5086841545,Fakultas Teknik,Teknik Lingkungan
"Talia Yuliarti, M.Pd",5005628258,Fakultas Kedokteran,Pendidikan Dokter
Zaenab Utama,5011862329,Fakultas Kedokteran,Kebidanan
Dina Adriansyah,5012013979,Fakultas Teknik,Teknik Mesin
Dt. Joko Wastuti,5093985928,Fakultas Teknik,Teknik Sipil
drg. Jasmani Marbun,5038370067,Fakultas Ekonomi,Ekonomi Pembangunan
Syahrini Narpati,5083310695,Fakultas Ilmu Komputer,Teknologi Informasi
Koko Pangestu,5015133251,Fakultas Ekonomi,Ekonomi Pembangunan
Ir. Cemplunk Marpaung,5096697399,Fakultas Ilmu Komputer,Teknologi Informasi
"H. Prayitna Aryani, S.Pd",5044154655,Fakultas Hukum,Ilmu Hukum
Damar Suwarno,5067584653,Fakultas Hukum,Ilmu Hukum
Tgk. Endra Prakasa,5080954376,Fakultas Hukum,Ilmu Hukum
Drs. Aisyah Maryati,5081047607,Fakultas Hukum,Ilmu Hukum
Jaswadi Saefullah,5088366807,Fakultas Teknik,Teknik Elektro
Tgk. Nardi Hidayat,5046150931,Fakultas Hukum,Ilmu Hukum
Ika Nurdiyanti,5038668746,Fakultas Teknik,Teknik Mesin
Malika Hidayat,5034939456,Fakultas Ilmu Komputer,Teknologi Informasi
Prasetyo Waluyo,5093395265,Fakultas Ilmu Komputer,Teknologi Informasi
Ir. Martaka Wijayanti,5066529627,Fakultas Ekonomi,Manajemen
"Ganjaran Riyanti, M.Kom.",5024399794,Fakultas Kedokteran,Pendidikan Dokter
"Kani Wibowo, S.Kom",5079256680,Fakultas Kedokteran,Kebidanan
"Rika Damanik, S.Pt",5022432144,Fakultas Ilmu Komputer,Sistem Informasi
"Kezia Rajata, M.Ak",5091136963,Fakultas Hukum,Ilmu Hukum
"R. Jamal Mayasari, M.Ak",5066508720,Fakultas Hukum,Ilmu Hukum
"R. Dina Marbun, S.H.",5052494064,Fakultas Kedokteran,Pendidikan Dokter
"Laras Simanjuntak, S.Pd",5004395259,Fakultas Hukum,Ilmu Hukum
Natalia Sitorus,5021585638,Fakultas Teknik,Teknik Lingkungan
Calista Nurdiyanti,5028504723,Fakultas Teknik,Teknik Sipil
Ana Kusumo,5083263551,Fakultas Ilmu Komputer,Informatika
Leo Kuswandari,5017510479,Fakultas Ekonomi,Akuntansi
Wulan Suryono,5078160803,Fakultas Kedokteran,Kebidanan
T. Warsa Suryatmi,5032023450,Fakultas Ilmu Komputer,Teknologi Informasi
"drg. Zaenab Anggraini, S.H.",5055967215,Fakultas Teknik,Teknik Mesin
Nova Haryanto,5085857601,Fakultas Ilmu Komputer,Informatika
drg. Gawati Usamah,5072670707,Fakultas Hukum,Ilmu Hukum
Unjani Siregar,5043380629,Fakultas Ilmu Komputer,Informatika
Ira Sirait,5062192071,Fakultas Ekonomi,Ekonomi Pembangunan
"Sutan Ian Rahimah, M.Ak",5035600313,Fakultas Teknik,Teknik Lingkungan
Reza Maryati,5011906753,Fakultas Ekonomi,Manajemen
"Yunita Utami, S.E.",5001077931,Fakultas Ilmu Komputer,Sistem Informasi
Clara Puspita,5011066182,Fakultas Kedokteran,Kebidanan
Juli Zulaika,5045135403,Fakultas Hukum,Ilmu Hukum
"Uli Prasetyo, S.Sos",5044370545,Fakultas Ekonomi,Manajemen
Titi Mahendra,5038828883,Fakultas Kedokteran,Kebidanan
Oliva Sihotang,5023757434,Fakultas Ekonomi,Akuntansi
"drg. Sidiq Haryanto, S.Psi",5081114910,Fakultas Teknik,Teknik Industri
Tgk. Wisnu Mahendra,5028633263,Fakultas Teknik,Teknik Lingkungan
Tgk. Gadang Permata,5001611146,Fakultas Teknik,Teknik Elektro
Banawa Situmorang,5012498811,Fakultas Teknik,Teknik Industri
"Rina Mandala, S.Sos",5069084344,Fakultas Teknik,Teknik Lingkungan
Farah Hardiansyah,5004609847,Fakultas Ilmu Komputer,Teknologi Informasi
Paiman Pangestu,5059844173,Fakultas Ilmu Komputer,Informatika
Hesti Prasetya,5066502826,Fakultas Kedokteran,Kebidanan
Galar Pradana,5070751129,Fakultas Hukum,Ilmu Hukum
Kemal Mustofa,5065556751,Fakultas Ekonomi,Akuntansi
Ulya Ramadan,5032740528,Fakultas Teknik,Teknik Elektro
R.A. Zulfa Halim,5077055030,Fakultas Teknik,Teknik Sipil
"Tgk. Lasmono Suryono, S.Psi",5026540545,Fakultas Kedokteran,Pendidikan Dokter
"Dodo Laksita, S.Psi",5085698288,Fakultas Kedokteran,Kebidanan
Harja Rajasa,5078394944,Fakultas Hukum,Ilmu Hukum
Omar Farida,5013400446,Fakultas Kedokteran,Pendidikan Dokter
Pranata Hardiansyah,5040367527,Fakultas Ekonomi,Ekonomi Pembangunan
Salimah Padmasari,5062155215,Fakultas Hukum,Ilmu Hukum
Sadina Saptono,5096742745,Fakultas Ekonomi,Manajemen
Mursita Saptono,5069090735,Fakultas Teknik,Teknik Elektro
"Dr. Panji Suryatmi, M.Pd",5032534926,Fakultas Hukum,Ilmu Hukum
"Utama Mulyani, M.Kom.",5038637711,Fakultas Ilmu Komputer,Informatika
Fathonah Laksmiwati,5087405169,Fakultas Kedokteran,Kebidanan
Almira Oktaviani,5053582715,Fakultas Ekonomi,Ekonomi Pembangunan
"Putri Mardhiyah, S.Sos",5068179441,Fakultas Kedokteran,Kebidanan
"Ir. Rina Anggraini, S.Sos",5066267526,Fakultas Ekonomi,Manajemen
Alika Laksmiwati,5041410049,Fakultas Ilmu Komputer,Sistem Informasi
Rahayu Thamrin,5000334365,Fakultas Kedokteran,Kebidanan
Mustofa Uwais,5068713597,Fakultas Ilmu Komputer,Teknologi Informasi
Cawuk Mangunsong,5081414608,Fakultas Ilmu Komputer,Teknologi Informasi
"Ir. Hadi Sitorus, S.H.",5080838766,Fakultas Kedokteran,Pendidikan Dokter
Prasetya Suryono,5047927009,Fakultas Ekonomi,Akuntansi
Sakura Putra,5099414323,Fakultas Hukum,Ilmu Hukum
Febi Halim,5081137484,Fakultas Ekonomi,Akuntansi
Warji Pertiwi,5052666961,Fakultas Ilmu Komputer,Sistem Informasi
Vera Sudiati,5092245625,Fakultas Ekonomi,Manajemen
Mahdi Mandasari,5013057994,Fakultas Hukum,Ilmu Hukum
Sabri Mayasari,5096317120,Fakultas Ekonomi,Manajemen
Septi Narpati,5039470987,Fakultas Hukum,Ilmu Hukum
"Puti Gawati Wibisono, S.Psi",5075409930,Fakultas Teknik,Teknik Lingkungan
"Ira Kusumo, M.Ak",5075533422,Fakultas Hukum,Ilmu Hukum
Salwa Damanik,5087599065,Fakultas Ilmu Komputer,Sistem Informasi
"Dr. Hana Usamah, M.Farm",5013862334,Fakultas Hukum,Ilmu Hukum
Karsana Wastuti,5059462946,Fakultas Kedokteran,Pendidikan Dokter
T. Aris Ardianto,5097957400,Fakultas Ekonomi,Manajemen
Lala Simanjuntak,5012117988,Fakultas Kedokteran,Kebidanan
Cici Usamah,5055573848,Fakultas Kedokteran,Kebidanan
Hj. Michelle Ardianto,5025799130,Fakultas Ekonomi,Ekonomi Pembangunan
"T. Warsa Jailani, S.Ked",5096752323,Fakultas Kedokteran,Pendidikan Dokter
drg. Fathonah Zulaika,5006533247,Fakultas Kedokteran,Pendidikan Dokter
Cinthia Samosir,5087998048,Fakultas Hukum,Ilmu Hukum
"R.A. Diana Hardiansyah, S.T.",5039003380,Fakultas Ilmu Komputer,Informatika
Bella Pradipta,5074009513,Fakultas Kedokteran,Pendidikan Dokter
Uda Pranowo,5065072605,Fakultas Kedokteran,Pendidikan Dokter
Lidya Laksita,5080637600,Fakultas Ekonomi,Manajemen
"Zulaikha Agustina, S.E.I",5014821727,Fakultas Teknik,Teknik Mesin
Slamet Irawan,5043704422,Fakultas Hukum,Ilmu Hukum
R.A. Kayla Kurniawan,5016301993,Fakultas Ilmu Komputer,Informatika
"Ega Tampubolon, S.IP",5084904682,Fakultas Teknik,Teknik Industri
"Ir. Edison Manullang, S.Sos",5027045229,Fakultas Teknik,Teknik Sipil
Yahya Halim,5008111483,Fakultas Teknik,Teknik Lingkungan
"Waluyo Kurniawan, S.Sos",5066052845,Fakultas Hukum,Ilmu Hukum
Adinata Anggriawan,5031238705,Fakultas Kedokteran,Kebidanan
"Keisha Sihombing, M.Ak",5005666833,Fakultas Ekonomi,Ekonomi Pembangunan
"Julia Siregar, S.Psi",5017127427,Fakultas Kedokteran,Kebidanan
Bahuwirya Sihombing,5084950295,Fakultas Ekonomi,Ekonomi Pembangunan
"Prima Prasetya, M.TI.",5072690815,Fakultas Ekonomi,Akuntansi
Irwan Ardianto,5088262058,Fakultas Ekonomi,Ekonomi Pembangunan
Nurul Sirait,5030560140,Fakultas Hukum,Ilmu Hukum
"Padmi Sitompul, S.E.",5092164236,Fakultas Teknik,Teknik Elektro
Tgk. Satya Waskita,5008416991,Fakultas Hukum,Ilmu Hukum
Mujur Marpaung,5021754006,Fakultas Kedokteran,Kebidanan
"dr. Kala Simanjuntak, S.I.Kom",5047447809,Fakultas Hukum,Ilmu Hukum
Hj. Kani Handayani,5094077703,Fakultas Kedokteran,Kebidanan
"drg. Gatot Narpati, M.TI.",5090973980,Fakultas Ekonomi,Ekonomi Pembangunan
Kenes Maheswara,5030210478,Fakultas Hukum,Ilmu Hukum
Drajat Kurniawan,5087752594,Fakultas Teknik,Teknik Lingkungan
Ikin Wastuti,5044177683,Fakultas Teknik,Teknik Elektro
"Sutan Irsad Pangestu, S.Gz",5048016337,Fakultas Teknik,Teknik Mesin
"Kani Aryani, S.Pt",5043107046,Fakultas Hukum,Ilmu Hukum
Jarwa Sihotang,5087520588,Fakultas Teknik,Teknik Lingkungan
Rini Situmorang,5011629435,Fakultas Ekonomi,Ekonomi Pembangunan
Ratih Hariyah,5056472478,Fakultas Kedokteran,Pendidikan Dokter
"Tgk. Banara Kusumo, M.Pd",5037317249,Fakultas Ilmu Komputer,Informatika
"Putri Napitupulu, S.E.",5019359174,Fakultas Teknik,Teknik Sipil
Aris Saptono,5021660416,Fakultas Teknik,Teknik Sipil
Najwa Pertiwi,5022620603,Fakultas Ilmu Komputer,Sistem Informasi
Pardi Firgantoro,5052452913,Fakultas Teknik,Teknik Lingkungan
dr. Ganep Sitorus,5085292560,Fakultas Ekonomi,Manajemen
"Garan Utama, M.Farm",5019392351,Fakultas Kedokteran,Pendidikan Dokter
Pia Sudiati,5056547450,Fakultas Kedokteran,Kebidanan
Ir. Cawisono Natsir,5067176110,Fakultas Ilmu Komputer,Teknologi Informasi
drg. Cinthia Novitasari,5004477487,Fakultas Ekonomi,Manajemen
Aswani Hutasoit,5080013771,Fakultas Kedokteran,Pendidikan Dokter
Irnanto Winarsih,5089046968,Fakultas Teknik,Teknik Mesin
Asmuni Wibisono,5001513319,Fakultas Kedokteran,Pendidikan Dokter
"drg. Kania Hutapea, S.Pd",5098580515,Fakultas Kedokteran,Pendidikan Dokter
Ir. Harsanto Situmorang,5037775093,Fakultas Kedokteran,Pendidikan Dokter
Candra Wasita,5059219465,Fakultas Hukum,Ilmu Hukum
Hairyanto Yulianti,5098974565,Fakultas Teknik,Teknik Industri
Umay Jailani,5010376304,Fakultas Kedokteran,Pendidikan Dokter
Dimas Permadi,5032582174,Fakultas Teknik,Teknik Mesin
T. Galuh Tarihoran,5050618719,Fakultas Ekonomi,Manajemen
"Sutan Elon Januar, S.Farm",5046934791,Fakultas Kedokteran,Pendidikan Dokter
"Asirwada Puspita, S.E.",5002300357,Fakultas Teknik,Teknik Elektro
Emong Usamah,5077372612,Fakultas Hukum,Ilmu Hukum
Saka Sitompul,5056619303,Fakultas Teknik,Teknik Lingkungan
R. Mumpuni Pratiwi,5064813413,Fakultas Kedokteran,Pendidikan Dokter
Dagel Dongoran,5034999204,Fakultas Ilmu Komputer,Informatika
Raisa Nainggolan,5064740951,Fakultas Ilmu Komputer,Sistem Informasi
"Drs. Paiman Suartini, S.E.I",5017254619,Fakultas Ekonomi,Manajemen
Imam Novitasari,5041294580,Fakultas Hukum,Ilmu Hukum
Muhammad Winarsih,5070236176,Fakultas Teknik,Teknik Mesin
"Tgk. Jelita Wulandari, S.Kom",5027377572,Fakultas Ilmu Komputer,Sistem Informasi
"dr. Asmadi Hidayat, S.Kom",5011636948,Fakultas Teknik,Teknik Mesin
Omar Novitasari,5006116943,Fakultas Ilmu Komputer,Teknologi Informasi
Galur Agustina,5058923919,Fakultas Ilmu Komputer,Sistem Informasi
Cakrabirawa Riyanti,5002987102,Fakultas Hukum,Ilmu Hukum
Mahdi Saefullah,5085891187,Fakultas Kedokteran,Pendidikan Dokter
"Harimurti Megantara, S.IP",5023977155,Fakultas Teknik,Teknik Elektro
Puti Betania Dongoran,5087904472,Fakultas Ekonomi,Akuntansi
Rahmi Mangunsong,5051406041,Fakultas Kedokteran,Pendidikan Dokter
Dirja Lazuardi,5005294418,Fakultas Ekonomi,Ekonomi Pembangunan
Dr. Rina Hardiansyah,5059902883,Fakultas Kedokteran,Kebidanan
"Cahyono Siregar, S.I.Kom",5022026093,Fakultas Ekonomi,Ekonomi Pembangunan
Mumpuni Hakim,5009003750,Fakultas Ilmu Komputer,Informatika
Novi Yuniar,5053026690,Fakultas Kedokteran,Kebidanan
Amelia Maryati,5013983969,Fakultas Ilmu Komputer,Sistem Informasi
Drs. Julia Najmudin,5067918207,Fakultas Kedokteran,Pendidikan Dokter
Ir. Farhunnisa Ramadan,5026750791,Fakultas Kedokteran,Pendidikan Dokter
"Ir. Purwadi Andriani, S.Psi",5012344440,Fakultas Teknik,Teknik Mesin
Dodo Nainggolan,5086395841,Fakultas Ilmu Komputer,Teknologi Informasi
drg. Daliono Prayoga,5079922090,Fakultas Ekonomi,Manajemen
Mala Hutasoit,5020417448,Fakultas Kedokteran,Kebidanan
Kawaya Sudiati,5005579014,Fakultas Teknik,Teknik Lingkungan
"Dr. Calista Kusumo, S.Psi",5034179365,Fakultas Kedokteran,Kebidanan
Makara Tampubolon,5022376251,Fakultas Teknik,Teknik Elektro
Dr. Lukman Najmudin,5024042198,Fakultas Ekonomi,Akuntansi
Gabriella Pradana,5085404768,Fakultas Ilmu Komputer,Teknologi Informasi
Sari Wijayanti,5096709286,Fakultas Teknik,Teknik Sipil
"Tgk. Zelaya Padmasari, S.Sos",5043404270,Fakultas Ilmu Komputer,Sistem Informasi
Kusuma Yuliarti,5085767953,Fakultas Ilmu Komputer,Informatika
Eka Natsir,5040442124,Fakultas Ekonomi,Ekonomi Pembangunan
Rini Putra,5006325597,Fakultas Ekonomi,Manajemen
Wahyu Hastuti,5034694051,Fakultas Teknik,Teknik Lingkungan
"Ir. Hasna Pangestu, S.Pt",5053466277,Fakultas Ekonomi,Akuntansi
drg. Rahmi Hasanah,5052659335,Fakultas Teknik,Teknik Elektro
Dalima Aryani,5035416864,Fakultas Ilmu Komputer,Informatika
"Julia Pertiwi, S.Farm",5080199152,Fakultas Teknik,Teknik Industri
Raditya Hariyah,5052246500,Fakultas Teknik,Teknik Lingkungan
"drg. Rina Namaga, M.Pd",5080832266,Fakultas Kedokteran,Pendidikan Dokter
"dr. Yuni Yolanda, S.Farm",5099313831,Fakultas Teknik,Teknik Industri
Rini Laksita,5043695420,Fakultas Kedokteran,Pendidikan Dokter
Radika Farida,5069328103,Fakultas Ilmu Komputer,Informatika
"Cakrabirawa Nashiruddin, M.Ak",5034484654,Fakultas Kedokteran,Pendidikan Dokter
Oman Firgantoro,5070083272,Fakultas Kedokteran,Kebidanan
Rusman Damanik,5011676061,Fakultas Kedokteran,Pendidikan Dokter
"Qori Pudjiastuti, S.Psi",5058349168,Fakultas Kedokteran,Pendidikan Dokter
Iriana Kuswoyo,5002180600,Fakultas Ilmu Komputer,Informatika
Tania Waluyo,5026349860,Fakultas Kedokteran,Kebidanan
Paramita Nababan,5005385335,Fakultas Teknik,Teknik Mesin
Laksana Lazuardi,5095735398,Fakultas Ilmu Komputer,Informatika
Muhammad Suwarno,5075584115,Fakultas Ilmu Komputer,Sistem Informasi
R.A. Vivi Firmansyah,5096490720,Fakultas Hukum,Ilmu Hukum
Ian Widodo,5017795421,Fakultas Ekonomi,Akuntansi
Hasta Uyainah,5043674548,Fakultas Hukum,Ilmu Hukum
Kemal Permata,5006158065,Fakultas Ekonomi,Manajemen
Puti Hana Hartati,5025490460,Fakultas Hukum,Ilmu Hukum
Sutan Dalimin Waluyo,5074296700,Fakultas Ilmu Komputer,Sistem Informasi
Dr. Tantri Anggriawan,5064127971,Fakultas Teknik,Teknik Lingkungan
Prabu Rahayu,5042703041,Fakultas Hukum,Ilmu Hukum
"Taswir Samosir, M.Kom.",5091909173,Fakultas Ilmu Komputer,Teknologi Informasi
Dadi Mangunsong,5011596878,Fakultas Hukum,Ilmu Hukum
Gaduh Palastri,5000356807,Fakultas Ilmu Komputer,Sistem Informasi
Hj. Ika Manullang,5000162288,Fakultas Ilmu Komputer,Informatika
Ami Prasetya,5087697467,Fakultas Ekonomi,Manajemen
Hamima Hardiansyah,5056143974,Fakultas Kedokteran,Pendidikan Dokter
Ana Waluyo,5056162637,Fakultas Kedokteran,Kebidanan
Devi Ardianto,5027087647,Fakultas Hukum,Ilmu Hukum
"Gantar Mangunsong, S.Psi",5061072710,Fakultas Ilmu Komputer,Teknologi Informasi
"dr. Restu Pratiwi, S.Gz",5074810299,Fakultas Ilmu Komputer,Teknologi Informasi
Harsana Najmudin,5097457658,Fakultas Kedokteran,Kebidanan
Cornelia Hardiansyah,5014452710,Fakultas Teknik,Teknik Lingkungan
Hendra Adriansyah,5043443821,Fakultas Hukum,Ilmu Hukum
"drg. Bahuwarna Safitri, M.Farm",5086309013,Fakultas Ekonomi,Manajemen
Kasim Santoso,5065122431,Fakultas Ekonomi,Ekonomi Pembangunan
"Gandewa Nuraini, S.Psi",5015360655,Fakultas Teknik,Teknik Sipil
"drg. Usyi Yuliarti, S.Gz",5067474914,Fakultas Kedokteran,Pendidikan Dokter
Halima Siregar,5052709368,Fakultas Ilmu Komputer,Teknologi Informasi
Himawan Usada,5086797539,Fakultas Ekonomi,Ekonomi Pembangunan
Kunthara Farida,5004594410,Fakultas Hukum,Ilmu Hukum
Harjasa Sihombing,5046362686,Fakultas Ekonomi,Akuntansi
Edward Manullang,5093222874,Fakultas Hukum,Ilmu Hukum
Harto Melani,5010159232,Fakultas Ilmu Komputer,Teknologi Informasi
Siti Damanik,5038044141,Fakultas Ekonomi,Akuntansi
"Puti Hilda Namaga, M.TI.",5021825042,Fakultas Hukum,Ilmu Hukum
"Yahya Rahmawati, M.Ak",5089267237,Fakultas Ekonomi,Ekonomi Pembangunan
KH. Mariadi Novitasari,5072475785,Fakultas Hukum,Ilmu Hukum
"Taswir Iswahyudi, S.T.",5071642077,Fakultas Ekonomi,Ekonomi Pembangunan
Dimas Wahyudin,5068487890,Fakultas Kedokteran,Kebidanan
Melinda Maulana,5056757685,Fakultas Hukum,Ilmu Hukum
Ellis Haryanti,5071625652,Fakultas Teknik,Teknik Lingkungan
"Ir. Latif Hardiansyah, S.E.I",5068780057,Fakultas Ilmu Komputer,Sistem Informasi
"Cut Jamalia Namaga, M.TI.",5083850874,Fakultas Ilmu Komputer,Informatika
Pardi Oktaviani,5060833408,Fakultas Kedokteran,Pendidikan Dokter
R.A. Diana Laksmiwati,5094513001,Fakultas Ekonomi,Manajemen
Dr. Ratih Usada,5095163052,Fakultas Ilmu Komputer,Sistem Informasi
"Danu Thamrin, S.I.Kom",5040734032,Fakultas Kedokteran,Kebidanan
Dr. Puji Wasita,5016734294,Fakultas Teknik,Teknik Mesin
"Ivan Anggraini, M.M.",5001962954,Fakultas Hukum,Ilmu Hukum
Novi Astuti,5037541133,Fakultas Teknik,Teknik Elektro
Ir. Cahyadi Hidayanto,5039315600,Fakultas Kedokteran,Pendidikan Dokter
KH. Yoga Prasasta,5027919782,Fakultas Ilmu Komputer,Teknologi Informasi
R. Kani Puspasari,5088134540,Fakultas Hukum,Ilmu Hukum
Eman Ardianto,5049284367,Fakultas Ekonomi,Akuntansi
Rusman Sihombing,5015369102,Fakultas Hukum,Ilmu Hukum
Puput Mayasari,5008672677,Fakultas Ilmu Komputer,Informatika
"Tgk. Titin Maryati, S.Sos",5060126841,Fakultas Ilmu Komputer,Informatika
